accuracy,timestamp,type,value
3,398083956458419000,HeartRate,87
3,398084956464826000,HeartRate,86
3,398085956471180000,HeartRate,85
3,398086956477586000,HeartRate,84
3,398087956483992000,HeartRate,84
3,398088956490399000,HeartRate,85
3,398089956496805000,HeartRate,84
3,398090956503211000,HeartRate,85
3,398091956509617000,HeartRate,86
3,398092956516024000,HeartRate,84
3,398093956522430000,HeartRate,83
2,398094956528784000,HeartRate,84
2,398095956535190000,HeartRate,84
2,398096956541597000,HeartRate,84
3,398095401531649000,HeartBeat,1
3,398096052535815000,HeartBeat,1
2,398097956548003000,HeartRate,85
3,398096706539982000,HeartBeat,1
3,398097358544201000,HeartBeat,1
3,398098956554409000,HeartRate,87
3,398098018548419000,HeartBeat,1
3,398099956560815000,HeartRate,88
3,398098668552586000,HeartBeat,1
3,398099305556649000,HeartBeat,1
3,398100956567222000,HeartRate,89
3,398099943560711000,HeartBeat,1
3,398101956573628000,HeartRate,90
3,398100584564826000,HeartBeat,1
3,398101230568940000,HeartBeat,1
3,398102956579982000,HeartRate,91
3,398101894573211000,HeartBeat,1
3,398103956586388000,HeartRate,91
3,398104956592794000,HeartRate,91
3,398105956599201000,HeartRate,91
3,398106956605607000,HeartRate,91
3,398105199594357000,HeartBeat,1
3,398105874598680000,HeartBeat,1
3,398106568603107000,HeartBeat,1
3,398107956612013000,HeartRate,90
3,398107270607638000,HeartBeat,1
3,398108956618419000,HeartRate,89
3,398107986612222000,HeartBeat,1
3,398109956624826000,HeartRate,89
3,398108697616753000,HeartBeat,1
3,398109394621232000,HeartBeat,1
3,398110956631232000,HeartRate,88
3,398110096625711000,HeartBeat,1
3,398111956637586000,HeartRate,87
3,398110780630086000,HeartBeat,1
3,398111441634305000,HeartBeat,1
3,398112956643992000,HeartRate,87
3,398112104638576000,HeartBeat,1
3,398113956650399000,HeartRate,88
3,398112772642847000,HeartBeat,1
3,398113434647065000,HeartBeat,1
3,398114956656805000,HeartRate,88
3,398114109651388000,HeartBeat,1
3,398115956663211000,HeartRate,88
3,398114789655763000,HeartBeat,1
3,398115474660138000,HeartBeat,1
3,398116956669617000,HeartRate,88
3,398116175664617000,HeartBeat,1
3,398117956676024000,HeartRate,87
3,398116882669149000,HeartBeat,1
3,398118956682430000,HeartRate,87
3,398117586673628000,HeartBeat,1
3,398118297678211000,HeartBeat,1
3,398119956688784000,HeartRate,86
3,398119016682794000,HeartBeat,1
3,398120956695190000,HeartRate,86
3,398119720687274000,HeartBeat,1
3,398120430691857000,HeartBeat,1
3,398121956701597000,HeartRate,85
3,398121149696440000,HeartBeat,1
3,398122956708003000,HeartRate,85
3,398121858700972000,HeartBeat,1
3,398122559705451000,HeartBeat,1
3,398123956714409000,HeartRate,85
3,398123265709982000,HeartBeat,1
3,398124956720815000,HeartRate,84
3,398123976714513000,HeartBeat,1
3,398125956727222000,HeartRate,84
3,398124706719201000,HeartBeat,1
3,398125446723940000,HeartBeat,1
3,398126956733628000,HeartRate,84
3,398126190728680000,HeartBeat,1
3,398127956739982000,HeartRate,83
3,398126942733524000,HeartBeat,1
3,398128956746388000,HeartRate,83
3,398127686738263000,HeartBeat,1
3,398128421743003000,HeartBeat,1
3,398129956752794000,HeartRate,82
3,398129140747586000,HeartBeat,1
3,398130956759201000,HeartRate,82
3,398129831752013000,HeartBeat,1
3,398130520756440000,HeartBeat,1
3,398131956765607000,HeartRate,83
3,398131220760919000,HeartBeat,1
3,398132956772013000,HeartRate,83
3,398131920765399000,HeartBeat,1
3,398133956778419000,HeartRate,83
3,398132636769982000,HeartBeat,1
3,398133362774617000,HeartBeat,1
3,398134956784826000,HeartRate,83
3,398134099779305000,HeartBeat,1
3,398135956791232000,HeartRate,83
3,398134831783992000,HeartBeat,1
3,398135570788732000,HeartBeat,1
3,398136956797586000,HeartRate,83
3,398136301793419000,HeartBeat,1
3,398137956804281000,HeartRate,83
3,398137006797251000,HeartBeat,1
3,398138956809699000,HeartRate,83
3,398137708801730000,HeartBeat,1
3,398138413806209000,HeartBeat,1
3,398139956816105000,HeartRate,83
3,398139127810792000,HeartBeat,1
3,398140956822511000,HeartRate,83
3,398139848815428000,HeartBeat,1
3,398141956828917000,HeartRate,83
3,398140574820063000,HeartBeat,1
3,398141307824751000,HeartBeat,1
3,398142956835324000,HeartRate,83
3,398142035829438000,HeartBeat,1
3,398143956841730000,HeartRate,83
3,398142753834022000,HeartBeat,1
3,398143467838553000,HeartBeat,1
3,398144956848084000,HeartRate,83
3,398144171843084000,HeartBeat,1
3,398145956854490000,HeartRate,83
3,398144880847615000,HeartBeat,1
3,398146956860897000,HeartRate,83
3,398145600852251000,HeartBeat,1
3,398146319856834000,HeartBeat,1
3,398147956867303000,HeartRate,83
3,398147039861417000,HeartBeat,1
3,398148956873709000,HeartRate,83
3,398147778866157000,HeartBeat,1
3,398148510870844000,HeartBeat,1
3,398149956880115000,HeartRate,83
3,398149232875480000,HeartBeat,1
3,398150956886522000,HeartRate,83
3,398149949880063000,HeartBeat,1
3,398151956892928000,HeartRate,83
3,398150658884594000,HeartBeat,1
3,398151369889126000,HeartBeat,1
3,398152956899334000,HeartRate,83
3,398152096893813000,HeartBeat,1
3,398153956905688000,HeartRate,83
3,398152818898449000,HeartBeat,1
3,398153549903084000,HeartBeat,1
3,398154956912094000,HeartRate,83
3,398154275907772000,HeartBeat,1
3,398155956918501000,HeartRate,83
3,398155003912407000,HeartBeat,1
3,398156956924907000,HeartRate,83
3,398155736917094000,HeartBeat,1
3,398156461921730000,HeartBeat,1
3,398157956931313000,HeartRate,83
3,398157158926209000,HeartBeat,1
3,398158956937719000,HeartRate,83
3,398157852930636000,HeartBeat,1
3,398158547935115000,HeartBeat,1
3,398159956944126000,HeartRate,83
3,398159240939542000,HeartBeat,1
3,398160956950532000,HeartRate,83
3,398159953944074000,HeartBeat,1
3,398161956956886000,HeartRate,84
3,398160669948657000,HeartBeat,1
3,398161380953240000,HeartBeat,1
3,398162956963292000,HeartRate,84
3,398162085957719000,HeartBeat,1
3,398163956969699000,HeartRate,84
3,398162802962303000,HeartBeat,1
3,398163509966834000,HeartBeat,1
3,398164956976105000,HeartRate,84
3,398164201971261000,HeartBeat,1
3,398165956982511000,HeartRate,85
3,398164886975636000,HeartBeat,1
3,398166956988917000,HeartRate,85
3,398165564980011000,HeartBeat,1
3,398166259984438000,HeartBeat,1
3,398167956995324000,HeartRate,85
3,398166946988865000,HeartBeat,1
3,398168957001730000,HeartRate,85
3,398167640993292000,HeartBeat,1
3,398168348997824000,HeartBeat,1
3,398169957008084000,HeartRate,85
3,398169051002303000,HeartBeat,1
3,398170957014490000,HeartRate,85
3,398169752006782000,HeartBeat,1
3,398170459011313000,HeartBeat,1
3,398171957020897000,HeartRate,84
3,398171163015844000,HeartBeat,1
3,398172957027303000,HeartRate,84
3,398171860020272000,HeartBeat,1
3,398172548024699000,HeartBeat,1
3,398173957033709000,HeartRate,84
3,398173224029022000,HeartBeat,1
3,398174957040115000,HeartRate,85
3,398173907033397000,HeartBeat,1
3,398175957046522000,HeartRate,85
3,398174612037876000,HeartBeat,1
3,398175326042459000,HeartBeat,1
3,398176957052928000,HeartRate,85
3,398176046047094000,HeartBeat,1
3,398177957059334000,HeartRate,84
3,398176778051782000,HeartBeat,1
3,398177506056417000,HeartBeat,1
3,398178957065688000,HeartRate,84
3,398178233061053000,HeartBeat,1
3,398179957072094000,HeartRate,84
3,398178957065688000,HeartBeat,1
3,398180957078501000,HeartRate,83
3,398179668070272000,HeartBeat,1
3,398180359074699000,HeartBeat,1
3,398181957084907000,HeartRate,84
3,398181059079178000,HeartBeat,1
3,398182957091313000,HeartRate,84
3,398181744083553000,HeartBeat,1
3,398182447088032000,HeartBeat,1
3,398183957097719000,HeartRate,84
3,398183147092511000,HeartBeat,1
3,398184957104126000,HeartRate,84
3,398183838096938000,HeartBeat,1
3,398184546101469000,HeartBeat,1
3,398185957110532000,HeartRate,84
3,398185239105897000,HeartBeat,1
3,398186957116886000,HeartRate,84
3,398185935110376000,HeartBeat,1
3,398187957123292000,HeartRate,84
3,398186630114803000,HeartBeat,1
3,398187326119282000,HeartBeat,1
3,398188957129699000,HeartRate,84
3,398188033123813000,HeartBeat,1
3,398189957136105000,HeartRate,84
3,398188750128397000,HeartBeat,1
3,398189466132980000,HeartBeat,1
3,398190957142511000,HeartRate,84
3,398190185137563000,HeartBeat,1
3,398191957148917000,HeartRate,84
3,398190911142199000,HeartBeat,1
3,398192957155324000,HeartRate,84
3,398191615146730000,HeartBeat,1
3,398192313151209000,HeartBeat,1
3,398193957161730000,HeartRate,84
3,398192996155584000,HeartBeat,1
3,398194957168136000,HeartRate,84
3,398193665159855000,HeartBeat,1
3,398194327164074000,HeartBeat,1
3,398195957174490000,HeartRate,85
3,398194999168397000,HeartBeat,1
3,398196957180897000,HeartRate,85
3,398195674172719000,HeartBeat,1
3,398196357177094000,HeartBeat,1
3,398197957188738000,HeartRate,85
3,398197049182489000,HeartBeat,1
3,398198957194676000,HeartRate,85
3,398197742186916000,HeartBeat,1
3,398198433191343000,HeartBeat,1
3,398199957201082000,HeartRate,85
3,398199129195770000,HeartBeat,1
3,398200957207489000,HeartRate,85
3,398199817200197000,HeartBeat,1
3,398200511204624000,HeartBeat,1
3,398201957213895000,HeartRate,85
3,398201222209155000,HeartBeat,1
3,398202957220301000,HeartRate,85
3,398201945213791000,HeartBeat,1
3,398203957226655000,HeartRate,85
3,398202667218426000,HeartBeat,1
3,398203389223061000,HeartBeat,1
3,398204957233061000,HeartRate,84
3,398204103227593000,HeartBeat,1
3,398205957239468000,HeartRate,84
3,398204823232228000,HeartBeat,1
3,398205554236916000,HeartBeat,1
3,398206957245874000,HeartRate,84
3,398206288241603000,HeartBeat,1
3,398207957252280000,HeartRate,83
3,398207021246291000,HeartBeat,1
3,398208957258686000,HeartRate,83
3,398207746250926000,HeartBeat,1
3,398209957265093000,HeartRate,83
3,398208439255353000,HeartBeat,1
3,398209129259780000,HeartBeat,1
3,398210957271499000,HeartRate,84
3,398209825264207000,HeartBeat,1
3,398210506268582000,HeartBeat,1
3,398211957277853000,HeartRate,84
3,398211196273009000,HeartBeat,1
3,398212957284259000,HeartRate,84
3,398211890277436000,HeartBeat,1
3,398212566281759000,HeartBeat,1
3,398213957290666000,HeartRate,85
3,398213252286186000,HeartBeat,1
3,398214957297072000,HeartRate,85
3,398213954290666000,HeartBeat,1
3,398215957303478000,HeartRate,85
3,398214665295197000,HeartBeat,1
3,398215369299728000,HeartBeat,1
3,398216957309884000,HeartRate,85
3,398216074304207000,HeartBeat,1
3,398217957316291000,HeartRate,85
3,398216763308634000,HeartBeat,1
3,398217464313114000,HeartBeat,1
3,398218957322697000,HeartRate,85
3,398218182317697000,HeartBeat,1
3,398219957329103000,HeartRate,85
3,398218889322228000,HeartBeat,1
3,398220957335457000,HeartRate,85
3,398219599326811000,HeartBeat,1
3,398220308331343000,HeartBeat,1
3,398221957341864000,HeartRate,84
3,398220991335718000,HeartBeat,1
3,398222957348270000,HeartRate,85
3,398221672340041000,HeartBeat,1
3,398222348344364000,HeartBeat,1
3,398223957354676000,HeartRate,85
3,398223025348739000,HeartBeat,1
3,398224957361082000,HeartRate,85
3,398223709353114000,HeartBeat,1
3,398224396357489000,HeartBeat,1
3,398225957367489000,HeartRate,86
3,398225091361916000,HeartBeat,1
3,398226957373895000,HeartRate,86
3,398225796366447000,HeartBeat,1
3,398226497370926000,HeartBeat,1
3,398227957380301000,HeartRate,85
3,398227184375353000,HeartBeat,1
3,398228957386655000,HeartRate,86
3,398227875379728000,HeartBeat,1
3,398229957393061000,HeartRate,86
3,398228579384259000,HeartBeat,1
3,398229291388791000,HeartBeat,1
3,398230957399468000,HeartRate,85
3,398230006393374000,HeartBeat,1
3,398231957405874000,HeartRate,85
3,398230730398009000,HeartBeat,1
3,398231430402489000,HeartBeat,1
3,398232957412280000,HeartRate,85
3,398232122406916000,HeartBeat,1
3,398233957418686000,HeartRate,85
3,398232830411447000,HeartBeat,1
3,398233542416030000,HeartBeat,1
3,398234957425093000,HeartRate,85
3,398234265420666000,HeartBeat,1
3,398235957431499000,HeartRate,84
3,398234954425041000,HeartBeat,1
3,398236957437853000,HeartRate,85
3,398235639429468000,HeartBeat,1
3,398236335433895000,HeartBeat,1
3,398237957444259000,HeartRate,85
3,398237028438322000,HeartBeat,1
3,398238957450666000,HeartRate,85
3,398237722442749000,HeartBeat,1
3,398238434447332000,HeartBeat,1
3,398239957457072000,HeartRate,85
3,398239129451759000,HeartBeat,1
3,398240957463478000,HeartRate,85
3,398239831456291000,HeartBeat,1
3,398240517460666000,HeartBeat,1
3,398241957469884000,HeartRate,85
3,398241204465041000,HeartBeat,1
3,398242957476291000,HeartRate,85
3,398241906469572000,HeartBeat,1
3,398243957482697000,HeartRate,85
3,398242624474155000,HeartBeat,1
3,398243349478791000,HeartBeat,1
3,398244957489103000,HeartRate,85
3,398244083483478000,HeartBeat,1
3,398245957495457000,HeartRate,84
3,398244822488218000,HeartBeat,1
3,398245547492853000,HeartBeat,1
3,398246957501864000,HeartRate,84
3,398246283497541000,HeartBeat,1
3,398247957508270000,HeartRate,83
3,398247030502332000,HeartBeat,1
3,398248957514676000,HeartRate,83
3,398247773507124000,HeartBeat,1
3,398248509511811000,HeartBeat,1
3,398249957521082000,HeartRate,82
3,398249238516499000,HeartBeat,1
3,398250957527489000,HeartRate,82
3,398249948521030000,HeartBeat,1
3,398251957533895000,HeartRate,83
3,398250640525457000,HeartBeat,1
3,398251344529936000,HeartBeat,1
3,398252957540301000,HeartRate,83
3,398252033534364000,HeartBeat,1
3,398253957546655000,HeartRate,83
3,398252741538895000,HeartBeat,1
3,398253435543322000,HeartBeat,1
3,398254957553061000,HeartRate,84
3,398254133547801000,HeartBeat,1
3,398255957559468000,HeartRate,84
3,398254830552280000,HeartBeat,1
3,398255529556759000,HeartBeat,1
3,398256957565874000,HeartRate,84
3,398256242561291000,HeartBeat,1
3,398257957571684000,HeartRate,84
3,398256986566111000,HeartBeat,1
3,398258957578715000,HeartRate,83
3,398257737570903000,HeartBeat,1
3,398258473575590000,HeartBeat,1
3,398259957585122000,HeartRate,83
3,398259203580278000,HeartBeat,1
3,398260957591528000,HeartRate,83
3,398259926584913000,HeartBeat,1
3,398261957597934000,HeartRate,82
3,398260648589549000,HeartBeat,1
3,398261366594132000,HeartBeat,1
3,398262957604288000,HeartRate,82
3,398262075598663000,HeartBeat,1
3,398263957610695000,HeartRate,83
3,398262783603195000,HeartBeat,1
3,398263480607674000,HeartBeat,1
3,398264957617101000,HeartRate,83
3,398264161611997000,HeartBeat,1
3,398265957623507000,HeartRate,84
3,398264849616424000,HeartBeat,1
3,398265549620903000,HeartBeat,1
3,398266957629913000,HeartRate,84
3,398266256625434000,HeartBeat,1
3,398267957636320000,HeartRate,84
3,398266976630018000,HeartBeat,1
3,398268957642726000,HeartRate,83
3,398267717634757000,HeartBeat,1
3,398268465639549000,HeartBeat,1
3,398269957649132000,HeartRate,83
3,398269200644288000,HeartBeat,1
3,398270957655486000,HeartRate,83
3,398269930648924000,HeartBeat,1
3,398271957661893000,HeartRate,82
3,398270652653559000,HeartBeat,1
3,398271381658247000,HeartBeat,1
3,398272957668299000,HeartRate,82
3,398272102662830000,HeartBeat,1
3,398273957674705000,HeartRate,82
3,398272815667413000,HeartBeat,1
3,398273515671893000,HeartBeat,1
3,398274957681111000,HeartRate,83
3,398274221676424000,HeartBeat,1
3,398275957687518000,HeartRate,83
3,398274928680903000,HeartBeat,1
3,398276957693924000,HeartRate,83
3,398275658685590000,HeartBeat,1
3,398276373690174000,HeartBeat,1
3,398277957700330000,HeartRate,83
3,398277088694757000,HeartBeat,1
3,398278957706684000,HeartRate,83
3,398277829699497000,HeartBeat,1
3,398278559704184000,HeartBeat,1
3,398279957713090000,HeartRate,82
3,398279280708768000,HeartBeat,1
3,398280957719497000,HeartRate,82
3,398279987713299000,HeartBeat,1
3,398281957725903000,HeartRate,83
3,398280683717778000,HeartBeat,1
3,398281390722257000,HeartBeat,1
3,398282957732309000,HeartRate,83
3,398282090726736000,HeartBeat,1
3,398283957738715000,HeartRate,83
3,398282800731320000,HeartBeat,1
3,398283502735799000,HeartBeat,1
3,398284957745122000,HeartRate,83
3,398284197740226000,HeartBeat,1
3,398285957751528000,HeartRate,83
3,398284882744653000,HeartBeat,1
3,398286957757934000,HeartRate,84
3,398285582749132000,HeartBeat,1
3,398286294753663000,HeartBeat,1
3,398287957764288000,HeartRate,84
3,398287008758247000,HeartBeat,1
3,398288957770695000,HeartRate,84
3,398287739762934000,HeartBeat,1
3,398288465767570000,HeartBeat,1
3,398289957777101000,HeartRate,83
3,398289178772101000,HeartBeat,1
3,398290957783507000,HeartRate,83
3,398289885776632000,HeartBeat,1
3,398291957789913000,HeartRate,83
3,398290592781163000,HeartBeat,1
3,398291291785643000,HeartBeat,1
3,398292957796320000,HeartRate,84
3,398291984790070000,HeartBeat,1
3,398293957802726000,HeartRate,84
3,398292673794497000,HeartBeat,1
3,398293349798820000,HeartBeat,1
3,398294957809132000,HeartRate,84
3,398294029803195000,HeartBeat,1
3,398295957815486000,HeartRate,85
3,398294715807570000,HeartBeat,1
3,398295426812101000,HeartBeat,1
3,398296957821893000,HeartRate,85
3,398296124816580000,HeartBeat,1
3,398297957828299000,HeartRate,85
3,398296831821111000,HeartBeat,1
3,398297539825643000,HeartBeat,1
3,398298957834705000,HeartRate,84
3,398298240830122000,HeartBeat,1
3,398299957841111000,HeartRate,84
3,398298942834601000,HeartBeat,1
3,398300957847518000,HeartRate,84
3,398299635839028000,HeartBeat,1
3,398300341843559000,HeartBeat,1
3,398301957853924000,HeartRate,84
3,398301036848038000,HeartBeat,1
3,398302957860330000,HeartRate,85
3,398301741852518000,HeartBeat,1
3,398302438856997000,HeartBeat,1
3,398303957866736000,HeartRate,85
3,398303130861424000,HeartBeat,1
3,398304957873090000,HeartRate,85
3,398303826865851000,HeartBeat,1
3,398304483870070000,HeartBeat,1
3,398305957879497000,HeartRate,85
3,398305137874288000,HeartBeat,1
3,398306957885903000,HeartRate,86
3,398305792878455000,HeartBeat,1
3,398306443882622000,HeartBeat,1
3,398307957892309000,HeartRate,87
3,398307112886893000,HeartBeat,1
3,398308957898715000,HeartRate,87
3,398307790891268000,HeartBeat,1
3,398308488895695000,HeartBeat,1
3,398309957905122000,HeartRate,87
3,398309201900278000,HeartBeat,1
3,398310957911528000,HeartRate,86
3,398309924904913000,HeartBeat,1
3,398311957917934000,HeartRate,86
3,398310655909601000,HeartBeat,1
3,398311361914080000,HeartBeat,1
3,398312957924288000,HeartRate,85
3,398312061918559000,HeartBeat,1
3,398313957930695000,HeartRate,85
3,398312749922986000,HeartBeat,1
3,398313411927205000,HeartBeat,1
3,398314957937101000,HeartRate,86
3,398314072931424000,HeartBeat,1
3,398315957943507000,HeartRate,86
3,398314731935643000,HeartBeat,1
3,398315394939913000,HeartBeat,1
3,398316957949913000,HeartRate,87
3,398316078944288000,HeartBeat,1
3,398317957955620000,HeartRate,87
3,398316791948068000,HeartBeat,1
3,398317513952651000,HeartBeat,1
3,398318957961922000,HeartRate,86
3,398318266957495000,HeartBeat,1
3,398319957968328000,HeartRate,85
3,398319025962339000,HeartBeat,1
3,398320957974682000,HeartRate,84
3,398319775967130000,HeartBeat,1
3,398320524971922000,HeartBeat,1
3,398321957981089000,HeartRate,84
3,398321270976714000,HeartBeat,1
3,398322957987495000,HeartRate,83
3,398321995981349000,HeartBeat,1
3,398323957993901000,HeartRate,83
3,398322701985880000,HeartBeat,1
3,398323389990255000,HeartBeat,1
3,398324958000307000,HeartRate,83
3,398324076994682000,HeartBeat,1
3,398325958006714000,HeartRate,84
3,398324783999214000,HeartBeat,1
3,398325479003641000,HeartBeat,1
3,398326958013120000,HeartRate,84
3,398326191008224000,HeartBeat,1
3,398327958019526000,HeartRate,84
3,398326900012755000,HeartBeat,1
3,398328958025932000,HeartRate,84
3,398327600017234000,HeartBeat,1
3,398328317021818000,HeartBeat,1
3,398329958032286000,HeartRate,84
3,398329028026349000,HeartBeat,1
3,398330958038693000,HeartRate,84
3,398329716030776000,HeartBeat,1
3,398330405035151000,HeartBeat,1
3,398331958045099000,HeartRate,84
3,398331084039526000,HeartBeat,1
3,398332958051505000,HeartRate,84
3,398331764043849000,HeartBeat,1
3,398332473048380000,HeartBeat,1
3,398333958057911000,HeartRate,84
3,398333188052964000,HeartBeat,1
3,398334958064318000,HeartRate,84
3,398333912057599000,HeartBeat,1
3,398335958070724000,HeartRate,84
3,398334646062286000,HeartBeat,1
3,398335374066974000,HeartBeat,1
3,398336958077130000,HeartRate,83
3,398336102071609000,HeartBeat,1
3,398337958083484000,HeartRate,83
3,398336830076297000,HeartBeat,1
3,398337558080932000,HeartBeat,1
3,398338958089891000,HeartRate,83
3,398338286085620000,HeartBeat,1
3,398339958096297000,HeartRate,83
3,398339017090307000,HeartBeat,1
3,398340958102703000,HeartRate,83
3,398339737094891000,HeartBeat,1
3,398340442099422000,HeartBeat,1
3,398341958109109000,HeartRate,83
3,398341144103901000,HeartBeat,1
3,398342958115516000,HeartRate,83
3,398341821108224000,HeartBeat,1
3,398342503112599000,HeartBeat,1
3,398343958121922000,HeartRate,83
3,398343184116974000,HeartBeat,1
3,398344958128328000,HeartRate,84
3,398343860121297000,HeartBeat,1
3,398344547125672000,HeartBeat,1
3,398345958134682000,HeartRate,84
3,398345243130151000,HeartBeat,1
3,398346958141089000,HeartRate,84
3,398345951134682000,HeartBeat,1
3,398347958147495000,HeartRate,84
3,398346668139266000,HeartBeat,1
3,398347382143797000,HeartBeat,1
3,398348958153901000,HeartRate,84
3,398348096148380000,HeartBeat,1
3,398349958160307000,HeartRate,84
3,398348800152911000,HeartBeat,1
3,398349498157339000,HeartBeat,1
3,398350958166714000,HeartRate,84
3,398350180161714000,HeartBeat,1
3,398351958173120000,HeartRate,85
3,398350874166193000,HeartBeat,1
3,398352958179526000,HeartRate,85
3,398351584170724000,HeartBeat,1
3,398352303175307000,HeartBeat,1
3,398353958185932000,HeartRate,84
3,398353032179995000,HeartBeat,1
3,398354958192286000,HeartRate,84
3,398353760184630000,HeartBeat,1
3,398354489189318000,HeartBeat,1
3,398355958198693000,HeartRate,84
3,398355219193953000,HeartBeat,1
3,398356958205099000,HeartRate,83
3,398355928198536000,HeartBeat,1
3,398357958211505000,HeartRate,83
3,398356630203016000,HeartBeat,1
3,398357322207443000,HeartBeat,1
3,398358958217911000,HeartRate,84
3,398357997211766000,HeartBeat,1
3,398359958224318000,HeartRate,84
3,398358682216141000,HeartBeat,1
3,398359379220620000,HeartBeat,1
3,398360958230724000,HeartRate,84
3,398360072225047000,HeartBeat,1
3,398361958237130000,HeartRate,85
3,398360780229578000,HeartBeat,1
3,398361505234214000,HeartBeat,1
3,398362958243484000,HeartRate,84
3,398362210238745000,HeartBeat,1
3,398363958249891000,HeartRate,84
3,398362927243328000,HeartBeat,1
3,398364958256297000,HeartRate,84
3,398363628247807000,HeartBeat,1
3,398364324252234000,HeartBeat,1
3,398365958262703000,HeartRate,84
3,398365032256766000,HeartBeat,1
3,398366958269109000,HeartRate,84
3,398365744261349000,HeartBeat,1
3,398366440265776000,HeartBeat,1
3,398367958275516000,HeartRate,84
3,398367151270359000,HeartBeat,1
3,398368958281922000,HeartRate,84
3,398367847274786000,HeartBeat,1
3,398368529279161000,HeartBeat,1
3,398369958288328000,HeartRate,85
3,398369217283589000,HeartBeat,1
3,398370958294734000,HeartRate,85
3,398369895287911000,HeartBeat,1
3,398371958301089000,HeartRate,85
3,398370587292339000,HeartBeat,1
3,398371288296818000,HeartBeat,1
3,398372958307495000,HeartRate,85
3,398372003301401000,HeartBeat,1
3,398373958313901000,HeartRate,85
3,398372718305984000,HeartBeat,1
3,398373436310568000,HeartBeat,1
3,398374958320307000,HeartRate,84
3,398374144315099000,HeartBeat,1
3,398375958326714000,HeartRate,84
3,398374842319578000,HeartBeat,1
3,398375545324057000,HeartBeat,1
3,398376958333149000,HeartRate,84
3,398376233329295000,HeartBeat,1
3,398377958340337000,HeartRate,85
3,398376930333722000,HeartBeat,1
3,398378958346743000,HeartRate,85
3,398377638338254000,HeartBeat,1
3,398378347342785000,HeartBeat,1
3,398379958353097000,HeartRate,85
3,398379063347368000,HeartBeat,1
3,398380958359504000,HeartRate,84
3,398379771351900000,HeartBeat,1
3,398380475356431000,HeartBeat,1
3,398381958365910000,HeartRate,84
3,398381170360858000,HeartBeat,1
3,398382958372316000,HeartRate,85
3,398381859365285000,HeartBeat,1
3,398382547369712000,HeartBeat,1
3,398383958378722000,HeartRate,85
2,398384958385129000,HeartRate,85
2,398385958391535000,HeartRate,85
2,398386958397941000,HeartRate,85
2,398387958404295000,HeartRate,85
2,398388958410702000,HeartRate,86
2,398389958417108000,HeartRate,87
2,398390958423514000,HeartRate,86
2,398391958429920000,HeartRate,87
2,398392958436327000,HeartRate,87
3,398391306425754000,HeartBeat,1
3,398391969429972000,HeartBeat,1
3,398393958442733000,HeartRate,87
3,398392632434243000,HeartBeat,1
3,398393317438618000,HeartBeat,1
3,398394958449139000,HeartRate,87
3,398394023443150000,HeartBeat,1
3,398395958455545000,HeartRate,87
3,398396958461900000,HeartRate,87
3,398397958468306000,HeartRate,87
3,398398958474712000,HeartRate,88
3,398399958481118000,HeartRate,88
3,398400958487525000,HeartRate,87
3,398401958493931000,HeartRate,86
3,398402958500337000,HeartRate,85
3,398403958506743000,HeartRate,85
3,398404958513097000,HeartRate,84
3,398403148501535000,HeartBeat,1
3,398403883506222000,HeartBeat,1
2,398405958519504000,HeartRate,83
3,398404661511222000,HeartBeat,1
3,398405441516222000,HeartBeat,1
2,398406958525910000,HeartRate,82
3,398406232521275000,HeartBeat,1
2,398407958532316000,HeartRate,82
3,398406677524139000,HeartBeat,1
2,398408958538722000,HeartRate,82
2,398409958545129000,HeartRate,82
2,398410958551535000,HeartRate,82
2,398411958557941000,HeartRate,83
2,398412958564347000,HeartRate,84
2,398413958570702000,HeartRate,84
2,398414958577108000,HeartRate,86
2,398415958583514000,HeartRate,85
2,398416958589920000,HeartRate,85
3,398415487580493000,HeartBeat,1
3,398416186584972000,HeartBeat,1
2,398417958596327000,HeartRate,85
3,398416913589660000,HeartBeat,1
2,398418958602733000,HeartRate,85
3,398417623594191000,HeartBeat,1
3,398418323598670000,HeartBeat,1
3,398419958609139000,HeartRate,84
3,398419046603306000,HeartBeat,1
3,398420958615545000,HeartRate,84
3,398419762607889000,HeartBeat,1
3,398420363611691000,HeartBeat,1
3,398421958621900000,HeartRate,84
3,398420879615025000,HeartBeat,1
3,398421460618722000,HeartBeat,1
3,398422958628306000,HeartRate,83
3,398421923621691000,HeartBeat,1
3,398423958634712000,HeartRate,84
3,398422664626431000,HeartBeat,1
3,398423367630962000,HeartBeat,1
3,398424958641118000,HeartRate,83
3,398424061635389000,HeartBeat,1
3,398425958647525000,HeartRate,84
3,398424776639972000,HeartBeat,1
3,398425454644295000,HeartBeat,1
3,398426958653931000,HeartRate,84
3,398426190648983000,HeartBeat,1
3,398427958660337000,HeartRate,84
3,398428958666743000,HeartRate,83
3,398429958673097000,HeartRate,83
3,398430958679504000,HeartRate,82
3,398431958685910000,HeartRate,83
3,398432958692316000,HeartRate,83
3,398431146680702000,HeartBeat,1
3,398431827685077000,HeartBeat,1
3,398433958698722000,HeartRate,83
3,398434958705129000,HeartRate,83
3,398435958711535000,HeartRate,82
3,398436958717605000,HeartRate,82
2,398437958724011000,HeartRate,81
2,398438958730366000,HeartRate,82
2,398439958736772000,HeartRate,83
2,398440958743178000,HeartRate,82
2,398441958749584000,HeartRate,83
2,398442958755991000,HeartRate,82
2,398443958762397000,HeartRate,82
2,398444958768803000,HeartRate,83
3,398442940755886000,HeartBeat,1
3,398443594760053000,HeartBeat,1
2,398445958775209000,HeartRate,83
3,398444275764428000,HeartBeat,1
2,398446958781564000,HeartRate,84
2,398447958787970000,HeartRate,83
2,398448958794376000,HeartRate,83
2,398449958800782000,HeartRate,82
2,398450958807189000,HeartRate,81
2,398451958813595000,HeartRate,82
3,398449867800209000,HeartBeat,1
3,398450591804845000,HeartBeat,1
3,398451263809116000,HeartBeat,1
2,398452958820001000,HeartRate,82
3,398451934813439000,HeartBeat,1
2,398453958826407000,HeartRate,82
3,398452639817970000,HeartBeat,1
2,398454958832814000,HeartRate,83
2,398455958839168000,HeartRate,83
2,398456958845574000,HeartRate,83
3,398457958851980000,HeartRate,83
3,398456072839897000,HeartBeat,1
3,398456746844220000,HeartBeat,1
3,398458958858386000,HeartRate,84
3,398457436848647000,HeartBeat,1
3,398459958864793000,HeartRate,84
3,398460958871199000,HeartRate,84
3,398461958877605000,HeartRate,84
3,398462958884011000,HeartRate,83
3,398461100872084000,HeartBeat,1
3,398461843876876000,HeartBeat,1
3,398462575881511000,HeartBeat,1
3,398463958890366000,HeartRate,83
3,398464958896772000,HeartRate,83
3,398463268885991000,HeartBeat,1
3,398463985890574000,HeartBeat,1
3,398465958903178000,HeartRate,83
3,398464672894949000,HeartBeat,1
2,398466958909584000,HeartRate,83
3,398465359899376000,HeartBeat,1
3,398466073903907000,HeartBeat,1
2,398467958915991000,HeartRate,82
3,398466745908230000,HeartBeat,1
2,398468958922397000,HeartRate,83
3,398467479912918000,HeartBeat,1
3,398468152917241000,HeartBeat,1
2,398469958928803000,HeartRate,83
3,398468861921772000,HeartBeat,1
2,398470958935209000,HeartRate,83
3,398469584926407000,HeartBeat,1
2,398471958941564000,HeartRate,82
3,398470297930939000,HeartBeat,1
2,398472958947970000,HeartRate,81
3,398471000935470000,HeartBeat,1
2,398473958954376000,HeartRate,81
2,398474958960782000,HeartRate,81
2,398475958967189000,HeartRate,81
2,398476958973595000,HeartRate,81
3,398475442963907000,HeartBeat,1
3,398475840966459000,HeartBeat,1
2,398477958980001000,HeartRate,81
2,398478958986407000,HeartRate,82
2,398479958992814000,HeartRate,83
2,398480958999168000,HeartRate,84
3,398479509989897000,HeartBeat,1
3,398480205994376000,HeartBeat,1
2,398481959005574000,HeartRate,84
3,398480914998907000,HeartBeat,1
2,398482959011980000,HeartRate,84
3,398481636003543000,HeartBeat,1
3,398482364008178000,HeartBeat,1
2,398483959018386000,HeartRate,83
3,398483081012761000,HeartBeat,1
2,398484959024793000,HeartRate,83
3,398483786017293000,HeartBeat,1
3,398484488021772000,HeartBeat,1
3,398485959031199000,HeartRate,83
3,398486959037605000,HeartRate,82
3,398485209026407000,HeartBeat,1
3,398487959044011000,HeartRate,82
3,398488959050366000,HeartRate,83
3,398489959056772000,HeartRate,83
3,398488074044741000,HeartBeat,1
3,398488758049116000,HeartBeat,1
3,398489445053491000,HeartBeat,1
3,398490959063178000,HeartRate,84
3,398490130057866000,HeartBeat,1
3,398491959069584000,HeartRate,84
3,398490834062397000,HeartBeat,1
3,398491556067032000,HeartBeat,1
3,398492959075991000,HeartRate,84
3,398492256071511000,HeartBeat,1
3,398493959082397000,HeartRate,84
3,398492967076043000,HeartBeat,1
3,398494959088803000,HeartRate,84
3,398493687080626000,HeartBeat,1
3,398495959095209000,HeartRate,83
3,398494534086095000,HeartBeat,1
3,398496959101489000,HeartRate,83
3,398497959107895000,HeartRate,83
3,398498959114301000,HeartRate,83
3,398497318103832000,HeartBeat,1
3,398498038108416000,HeartBeat,1
3,398499959120707000,HeartRate,82
3,398498784113207000,HeartBeat,1
3,398500959127114000,HeartRate,82
3,398501959133520000,HeartRate,83
3,398502959139926000,HeartRate,81
2,398503959146332000,HeartRate,81
2,398504959152739000,HeartRate,81
3,398503209141541000,HeartBeat,1
3,398503884145811000,HeartBeat,1
2,398505959159093000,HeartRate,80
3,398504678150916000,HeartBeat,1
2,398506959165499000,HeartRate,80
3,398505343155186000,HeartBeat,1
2,398507959171905000,HeartRate,79
3,398508959178311000,HeartRate,79
3,398509959184718000,HeartRate,79
3,398508471175186000,HeartBeat,1
3,398509213179926000,HeartBeat,1
3,398510959191124000,HeartRate,79
3,398509951184666000,HeartBeat,1
3,398511959197530000,HeartRate,80
3,398510689189405000,HeartBeat,1
3,398511395193884000,HeartBeat,1
3,398512959203936000,HeartRate,80
3,398512122198572000,HeartBeat,1
3,398513959210291000,HeartRate,81
3,398512846203207000,HeartBeat,1
3,398513566207791000,HeartBeat,1
3,398514959216697000,HeartRate,81
3,398514288212426000,HeartBeat,1
3,398515959223103000,HeartRate,80
3,398516959229509000,HeartRate,80
3,398517959235916000,HeartRate,81
3,398516427226124000,HeartBeat,1
3,398517161230811000,HeartBeat,1
3,398518959242322000,HeartRate,80
3,398519959248728000,HeartRate,81
3,398520959255134000,HeartRate,80
3,398521959261541000,HeartRate,80
3,398522959267895000,HeartRate,80
3,398523959274301000,HeartRate,81
3,398524959280707000,HeartRate,81
3,398522944267843000,HeartBeat,1
3,398523645272322000,HeartBeat,1
3,398524348276801000,HeartBeat,1
3,398525959287114000,HeartRate,82
3,398525037281228000,HeartBeat,1
3,398526959293520000,HeartRate,82
3,398525703285499000,HeartBeat,1
3,398526405289978000,HeartBeat,1
3,398527959299926000,HeartRate,83
3,398527100294405000,HeartBeat,1
3,398528959306332000,HeartRate,83
3,398527798298884000,HeartBeat,1
3,398529959312739000,HeartRate,83
3,398528520303520000,HeartBeat,1
3,398530959319093000,HeartRate,83
3,398529241308103000,HeartBeat,1
3,398531959325499000,HeartRate,84
3,398529973312791000,HeartBeat,1
3,398530662317218000,HeartBeat,1
3,398531385321853000,HeartBeat,1
3,398532959331905000,HeartRate,84
3,398532115326489000,HeartBeat,1
3,398533959338311000,HeartRate,84
3,398532833331124000,HeartBeat,1
3,398533531335551000,HeartBeat,1
3,398534959344718000,HeartRate,84
3,398534204339874000,HeartBeat,1
3,398535959351124000,HeartRate,84
3,398534890344249000,HeartBeat,1
3,398535565348572000,HeartBeat,1
3,398536959357530000,HeartRate,85
3,398536232352843000,HeartBeat,1
3,398537959363936000,HeartRate,86
3,398536882357009000,HeartBeat,1
3,398538959370291000,HeartRate,87
3,398539959376697000,HeartRate,87
3,398540959383103000,HeartRate,86
3,398541959389509000,HeartRate,86
3,398542959395916000,HeartRate,86
3,398541635387426000,HeartBeat,1
3,398542342391957000,HeartBeat,1
3,398543959402322000,HeartRate,87
3,398543000396176000,HeartBeat,1
3,398544959408728000,HeartRate,88
3,398543651400343000,HeartBeat,1
3,398544360404874000,HeartBeat,1
3,398545959415134000,HeartRate,87
3,398545030409197000,HeartBeat,1
3,398546959421541000,HeartRate,88
3,398547959427895000,HeartRate,88
3,398548959434301000,HeartRate,87
3,398549959440707000,HeartRate,88
3,398550959447114000,HeartRate,87
3,398549124435395000,HeartBeat,1
3,398549828439874000,HeartBeat,1
3,398550536444405000,HeartBeat,1
3,398551959453520000,HeartRate,87
3,398551229448832000,HeartBeat,1
3,398552959459926000,HeartRate,87
3,398551907453207000,HeartBeat,1
3,398553959466332000,HeartRate,87
3,398552578457478000,HeartBeat,1
3,398553260461853000,HeartBeat,1
3,398554959472739000,HeartRate,87
3,398553943466228000,HeartBeat,1
3,398555959479093000,HeartRate,87
3,398554640470655000,HeartBeat,1
3,398556959485373000,HeartRate,86
3,398555328474434000,HeartBeat,1
3,398557959491257000,HeartRate,86
3,398556091479330000,HeartBeat,1
3,398556737483445000,HeartBeat,1
3,398557429487872000,HeartBeat,1
3,398558959497663000,HeartRate,87
3,398558108492247000,HeartBeat,1
3,398559959504070000,HeartRate,87
3,398558791496570000,HeartBeat,1
3,398560959510476000,HeartRate,87
3,398559529501309000,HeartBeat,1
3,398560190505528000,HeartBeat,1
3,398561959516882000,HeartRate,87
3,398560881509955000,HeartBeat,1
3,398562959523288000,HeartRate,87
3,398561562514330000,HeartBeat,1
3,398562242518705000,HeartBeat,1
3,398563959529695000,HeartRate,86
3,398562948523184000,HeartBeat,1
3,398564959536049000,HeartRate,86
3,398563644527663000,HeartBeat,1
3,398565959542455000,HeartRate,87
3,398564336532091000,HeartBeat,1
3,398566959548861000,HeartRate,87
3,398567959555268000,HeartRate,87
3,398568959561674000,HeartRate,87
3,398567063549538000,HeartBeat,1
3,398567745553913000,HeartBeat,1
3,398569959568080000,HeartRate,87
3,398570959574486000,HeartRate,88
3,398571959580893000,HeartRate,87
3,398570492571466000,HeartBeat,1
3,398571172575841000,HeartBeat,1
3,398572959587247000,HeartRate,86
3,398571864580268000,HeartBeat,1
3,398572563584747000,HeartBeat,1
3,398573959593653000,HeartRate,86
3,398574959600059000,HeartRate,86
3,398573243589070000,HeartBeat,1
3,398575959606466000,HeartRate,86
3,398576959612872000,HeartRate,86
3,398575275602091000,HeartBeat,1
3,398575946606361000,HeartBeat,1
3,398577959619278000,HeartRate,87
3,398576604610580000,HeartBeat,1
3,398577263614799000,HeartBeat,1
3,398578959625684000,HeartRate,87
3,398577932619122000,HeartBeat,1
3,398579959632091000,HeartRate,87
3,398578620623497000,HeartBeat,1
3,398579321627976000,HeartBeat,1
3,398580959638445000,HeartRate,87
3,398580007632403000,HeartBeat,1
3,398581959644851000,HeartRate,87
3,398580694636778000,HeartBeat,1
3,398581388641205000,HeartBeat,1
3,398582959651257000,HeartRate,87
3,398582083645684000,HeartBeat,1
3,398583959657663000,HeartRate,86
3,398582795650216000,HeartBeat,1
3,398583475654591000,HeartBeat,1
3,398584959664070000,HeartRate,86
3,398584163658966000,HeartBeat,1
3,398585959670476000,HeartRate,86
3,398584866663497000,HeartBeat,1
3,398586959676882000,HeartRate,86
3,398585564667924000,HeartBeat,1
3,398587959683288000,HeartRate,86
3,398588959689695000,HeartRate,86
3,398587543680632000,HeartBeat,1
3,398588337685684000,HeartBeat,1
3,398589959696049000,HeartRate,87
3,398589031690111000,HeartBeat,1
3,398590959702455000,HeartRate,86
3,398589620693913000,HeartBeat,1
3,398591959708861000,HeartRate,86
3,398592959715268000,HeartRate,86
3,398593959721674000,HeartRate,86
3,398594959728080000,HeartRate,85
3,398595959734486000,HeartRate,86
3,398596959740893000,HeartRate,86
2,398597959747247000,HeartRate,84
2,398598959753653000,HeartRate,84
2,398599959760059000,HeartRate,85
2,398600959766466000,HeartRate,85
2,398601959772872000,HeartRate,86
3,398602959779278000,HeartRate,87
3,398601032766934000,HeartBeat,1
3,398601729771413000,HeartBeat,1
3,398602440775945000,HeartBeat,1
3,398603959785684000,HeartRate,86
3,398603154780528000,HeartBeat,1
3,398604959792091000,HeartRate,86
3,398603880785163000,HeartBeat,1
3,398605959798497000,HeartRate,85
3,398604609789851000,HeartBeat,1
3,398605324794382000,HeartBeat,1
3,398606959804851000,HeartRate,84
3,398606045799018000,HeartBeat,1
3,398607959811257000,HeartRate,84
3,398606774803705000,HeartBeat,1
3,398607462808080000,HeartBeat,1
3,398608959817663000,HeartRate,84
3,398608165812611000,HeartBeat,1
3,398609959824070000,HeartRate,84
3,398608871817091000,HeartBeat,1
3,398610959830476000,HeartRate,84
3,398609589821726000,HeartBeat,1
3,398611959836882000,HeartRate,84
3,398612959843288000,HeartRate,83
3,398613959849695000,HeartRate,83
3,398612482840715000,HeartBeat,1
3,398613204845350000,HeartBeat,1
3,398614959856548000,HeartRate,83
3,398613921849933000,HeartBeat,1
3,398615959862954000,HeartRate,83
3,398614644854569000,HeartBeat,1
3,398615353859100000,HeartBeat,1
3,398616959869360000,HeartRate,83
3,398616036863475000,HeartBeat,1
3,398617959875767000,HeartRate,84
3,398616713867798000,HeartBeat,1
3,398618959882173000,HeartRate,83
3,398619959888579000,HeartRate,84
3,398620959894985000,HeartRate,83
3,398618773880975000,HeartBeat,1
3,398619478885506000,HeartBeat,1
3,398621959901392000,HeartRate,83
3,398620320890871000,HeartBeat,1
3,398622959907746000,HeartRate,83
3,398623959914152000,HeartRate,83
3,398624959920558000,HeartRate,82
3,398625959926965000,HeartRate,81
3,398626959933371000,HeartRate,81
3,398625234922329000,HeartBeat,1
3,398625946926912000,HeartBeat,1
3,398627959939777000,HeartRate,81
3,398628959946183000,HeartRate,81
3,398629959952590000,HeartRate,82
3,398630959958996000,HeartRate,83
3,398631959965350000,HeartRate,83
3,398632959971756000,HeartRate,82
3,398633959978162000,HeartRate,82
3,398631535962642000,HeartBeat,1
3,398632236967121000,HeartBeat,1
3,398632932971600000,HeartBeat,1
3,398634959984569000,HeartRate,82
3,398633654976235000,HeartBeat,1
3,398634384980871000,HeartBeat,1
3,398635959990975000,HeartRate,83
3,398635084985350000,HeartBeat,1
3,398636959997381000,HeartRate,83
3,398635793989933000,HeartBeat,1
3,398636506994465000,HeartBeat,1
3,398637960003787000,HeartRate,84
3,398637212998996000,HeartBeat,1
3,398638960010194000,HeartRate,84
3,398639960016548000,HeartRate,84
3,398640960022954000,HeartRate,84
3,398641960029360000,HeartRate,84
3,398642960035767000,HeartRate,84
3,398643960042173000,HeartRate,84
3,398644960048579000,HeartRate,84
3,398645960054985000,HeartRate,84
3,398646960061392000,HeartRate,84
3,398647960067746000,HeartRate,84
3,398648960074152000,HeartRate,83
3,398649960080558000,HeartRate,84
3,398650960086965000,HeartRate,85
3,398651960093371000,HeartRate,85
3,398652960099777000,HeartRate,85
3,398651380089673000,HeartBeat,1
3,398652117094360000,HeartBeat,1
3,398653960106183000,HeartRate,86
3,398652795098735000,HeartBeat,1
3,398653515103319000,HeartBeat,1
3,398654960112590000,HeartRate,86
3,398655960118996000,HeartRate,85
3,398656960125350000,HeartRate,85
3,398657960131756000,HeartRate,86
3,398656328121340000,HeartBeat,1
3,398657023125767000,HeartBeat,1
3,398658960138162000,HeartRate,87
3,398657657129829000,HeartBeat,1
3,398658387134517000,HeartBeat,1
3,398659960144569000,HeartRate,87
3,398659080138944000,HeartBeat,1
3,398660960150975000,HeartRate,86
3,398661960157381000,HeartRate,86
3,398662960163787000,HeartRate,86
3,398663960170194000,HeartRate,87
3,398662575161287000,HeartBeat,1
3,398663271165767000,HeartBeat,1
3,398664960176548000,HeartRate,87
3,398663984170350000,HeartBeat,1
3,398665960182954000,HeartRate,87
3,398664774175402000,HeartBeat,1
3,398665440179621000,HeartBeat,1
3,398666960189360000,HeartRate,86
3,398666267184933000,HeartBeat,1
3,398667960195767000,HeartRate,86
3,398666705187746000,HeartBeat,1
3,398668960202173000,HeartRate,86
3,398669960208579000,HeartRate,86
3,398670960214985000,HeartRate,87
3,398671960221392000,HeartRate,86
3,398672960228192000,HeartRate,87
3,398673960234546000,HeartRate,87
3,398674960240952000,HeartRate,88
3,398675960247359000,HeartRate,88
2,398676960253765000,HeartRate,89
2,398677960260171000,HeartRate,88
2,398678960266577000,HeartRate,88
2,398679960272984000,HeartRate,87
2,398680960279390000,HeartRate,86
2,398681960285744000,HeartRate,87
3,398680426275952000,HeartBeat,1
3,398681118280379000,HeartBeat,1
2,398682960292150000,HeartRate,86
3,398681828284911000,HeartBeat,1
3,398683960298556000,HeartRate,86
3,398684960304963000,HeartRate,86
3,398685960311369000,HeartRate,85
3,398686960317775000,HeartRate,85
3,398687960324181000,HeartRate,86
3,398688960330588000,HeartRate,85
2,398689960336942000,HeartRate,85
2,398690960343348000,HeartRate,85
2,398691960349754000,HeartRate,85
2,398692960356161000,HeartRate,85
3,398691524346994000,HeartBeat,1
3,398692223351473000,HeartBeat,1
3,398693960362567000,HeartRate,85
3,398692878355640000,HeartBeat,1
3,398693548359911000,HeartBeat,1
3,398694960368973000,HeartRate,86
3,398694228364286000,HeartBeat,1
3,398695960375379000,HeartRate,86
3,398694932368765000,HeartBeat,1
3,398696960381786000,HeartRate,86
3,398695634373296000,HeartBeat,1
3,398696339377775000,HeartBeat,1
3,398697960388192000,HeartRate,86
3,398697021382150000,HeartBeat,1
3,398698960394546000,HeartRate,86
3,398697687386421000,HeartBeat,1
3,398699960400952000,HeartRate,87
3,398700960407359000,HeartRate,87
3,398701960413765000,HeartRate,87
3,398699689399234000,HeartBeat,1
3,398700547404702000,HeartBeat,1
3,398701035407827000,HeartBeat,1
3,398702960420171000,HeartRate,88
3,398701739412359000,HeartBeat,1
3,398702430416786000,HeartBeat,1
3,398703960426577000,HeartRate,88
3,398704960432984000,HeartRate,88
3,398705960439390000,HeartRate,87
3,398706960445744000,HeartRate,87
3,398705254434859000,HeartBeat,1
3,398705936439234000,HeartBeat,1
3,398707960452150000,HeartRate,87
3,398706644443765000,HeartBeat,1
3,398707362448348000,HeartBeat,1
3,398708960458556000,HeartRate,86
3,398709960464963000,HeartRate,86
3,398710960471369000,HeartRate,85
3,398711960477775000,HeartRate,84
3,398712960484181000,HeartRate,85
3,398713960490588000,HeartRate,85
3,398714960496994000,HeartRate,85
3,398715960503348000,HeartRate,85
3,398716960509754000,HeartRate,85
3,398717960516161000,HeartRate,84
3,398718960522567000,HeartRate,83
3,398719960528973000,HeartRate,83
3,398720960535379000,HeartRate,83
3,398721960541786000,HeartRate,82
2,398722960548192000,HeartRate,82
2,398723960554546000,HeartRate,81
2,398724960560952000,HeartRate,82
2,398725960567359000,HeartRate,82
3,398724471557827000,HeartBeat,1
3,398725150562202000,HeartBeat,1
2,398726960573765000,HeartRate,83
3,398725855566681000,HeartBeat,1
2,398727960580171000,HeartRate,82
2,398728960586577000,HeartRate,82
2,398729960592984000,HeartRate,82
3,398727974580275000,HeartBeat,1
3,398728659584650000,HeartBeat,1
3,398729346589025000,HeartBeat,1
2,398730960599390000,HeartRate,83
3,398730043593504000,HeartBeat,1
2,398731960605744000,HeartRate,83
3,398730754598036000,HeartBeat,1
3,398732960611867000,HeartRate,83
3,398731462601503000,HeartBeat,1
3,398733960617492000,HeartRate,83
3,398734960623899000,HeartRate,83
2,398735960630305000,HeartRate,82
2,398736960636711000,HeartRate,83
3,398737960643117000,HeartRate,84
3,398738960649524000,HeartRate,83
3,398739960655930000,HeartRate,83
3,398740960662284000,HeartRate,84
3,398741960668690000,HeartRate,85
3,398740387658638000,HeartBeat,1
3,398741001662545000,HeartBeat,1
3,398742960675097000,HeartRate,86
3,398741743667336000,HeartBeat,1
3,398743960681503000,HeartRate,86
3,398744960687909000,HeartRate,86
3,398745960694315000,HeartRate,86
3,398746960700722000,HeartRate,85
3,398747960707128000,HeartRate,86
3,398748960713482000,HeartRate,87
3,398746948700617000,HeartBeat,1
3,398747522704315000,HeartBeat,1
3,398749960719888000,HeartRate,87
3,398750960726295000,HeartRate,87
2,398751960732701000,HeartRate,85
2,398752960739107000,HeartRate,85
2,398753960745513000,HeartRate,85
3,398751839731920000,HeartBeat,1
3,398752594736763000,HeartBeat,1
2,398754960751920000,HeartRate,86
3,398753226740826000,HeartBeat,1
3,398753914745201000,HeartBeat,1
2,398755960758326000,HeartRate,86
3,398754594749576000,HeartBeat,1
3,398755271753899000,HeartBeat,1
2,398756960764732000,HeartRate,85
3,398755985758482000,HeartBeat,1
2,398757960771086000,HeartRate,84
3,398756708763117000,HeartBeat,1
2,398758960777492000,HeartRate,86
3,398757390767440000,HeartBeat,1
3,398758045771659000,HeartBeat,1
3,398759960783899000,HeartRate,86
3,398760960790305000,HeartRate,86
3,398761960796711000,HeartRate,87
3,398760092784732000,HeartBeat,1
3,398760774789107000,HeartBeat,1
3,398762960803117000,HeartRate,88
3,398763960809524000,HeartRate,88
2,398764960815930000,HeartRate,89
2,398765960822284000,HeartRate,89
2,398766960828690000,HeartRate,88
2,398767960835097000,HeartRate,88
2,398768960841503000,HeartRate,87
2,398769960847909000,HeartRate,86
2,398770960854315000,HeartRate,84
2,398771960860722000,HeartRate,84
2,398772960867128000,HeartRate,83
2,398773960873482000,HeartRate,84
2,398774960879888000,HeartRate,84
2,398775960886295000,HeartRate,84
2,398776960892701000,HeartRate,83
2,398777960899107000,HeartRate,83
2,398778960905513000,HeartRate,83
2,398779960911920000,HeartRate,83
2,398780960918326000,HeartRate,82
2,398781960924732000,HeartRate,82
2,398782960931086000,HeartRate,82
2,398783960937492000,HeartRate,83
2,398784960943899000,HeartRate,84
2,398785960950305000,HeartRate,84
3,398783794936451000,HeartBeat,1
3,398784454940670000,HeartBeat,1
3,398785139945045000,HeartBeat,1
2,398786960956711000,HeartRate,85
3,398785827949472000,HeartBeat,1
2,398787960963117000,HeartRate,87
3,398786573954211000,HeartBeat,1
3,398787255958586000,HeartBeat,1
2,398788960969524000,HeartRate,87
2,398789960975930000,HeartRate,87
2,398790960982284000,HeartRate,87
2,398791960989292000,HeartRate,86
2,398792960995699000,HeartRate,86
2,398793961002105000,HeartRate,87
2,398794961008511000,HeartRate,87
2,398795961014917000,HeartRate,86
2,398796961021324000,HeartRate,84
2,398797961027730000,HeartRate,84
2,398798961034084000,HeartRate,84
2,398799961040490000,HeartRate,84
2,398800961046897000,HeartRate,85
2,398801961053303000,HeartRate,82
2,398802961059709000,HeartRate,83
2,398803961066115000,HeartRate,82
2,398804961072522000,HeartRate,84
2,398805961078928000,HeartRate,84
2,398806961085334000,HeartRate,85
2,398807961091688000,HeartRate,86
3,398806486082261000,HeartBeat,1
3,398807160086584000,HeartBeat,1
3,398808961098094000,HeartRate,87
3,398807839090907000,HeartBeat,1
